INSERT INTO `com_code` (`CLASSNO`, `CODECD`, `CODENM`) VALUES
	(1, 'A', '관리자'),
	(1, 'U', '사용자');

INSERT INTO `com_dept` (`DEPTNO`, `DEPTNM`, `PARENTNO`, `DELETEFLAG`) VALUES
	(1, '주식회사', NULL, 'N'),
	(2, '기획실', 1, 'N'),
	(3, '경리팀', 1, 'N'),
	(4, '개발본부', 1, 'N'),
	(5, '개발 1팀', 4, 'N'),
	(6, '개발 2팀', 4, 'N'),
	(7, '디자인팀', 1, 'N');

INSERT INTO `com_user` (`USERNO`, `USERID`, `USERNM`, `USERPW`, `USERROLE`, `PHOTO`, `DEPTNO`, `DELETEFLAG`) VALUES
	(1, 'admin', '관리자', '8c6976e5b5410415bde908bd4dee15dfb167a9c873fc4bb8a81f6f2ab448a918', 'A', NULL, 1, 'N'),
	(2, 'user	1', '	이사부	', '609718d29a80b4c09a18fed35f0b147e77aa8a4bf5e3b20e4f6df99f44429a4f', 'U', NULL, 3, 'N'),
	(3, 'user	2', '	계백	', '9109cae6813fcc1002166dbfa48c8f51067c8f40e4dce66723fac1984a6bdcac', 'U', NULL, 4, 'N'),
	(4, 'user	3', '	관창	', '7b3043ac0a5df87abc4601aeb47109af55a3592c0d67ae0a781b15f6faa97596', 'U', NULL, 5, 'N'),
	(5, 'user	4', '	김유신	', 'fd8bda551fb8f1651ed557b8333ee202c2c39e498726f89451c1e7b00d13d5eb', 'U', NULL, 6, 'N'),
	(6, 'user	5', '	원효	', '4e81f3092f6f8c509d3b1f1364e441719dbda36dd7ed36870ec950c185b23499', 'U', NULL, 2, 'N'),
	(7, 'user	6', '	혜초	', '55d18171c3f3a3de5b618dfa022e0e3eaeed5b605e2667ae860eae23eabee26a', 'U', NULL, 3, 'N'),
	(8, 'user	7', '	장보고	', '0e192e0ffc90394d032041a9d2fbea8dc6d9ec6850defccfa5b5718244328a27', 'U', NULL, 4, 'N'),
	(9, 'user	8', '	대조영	', '41d880d58d1d264b8930a369af56daec29c8efeb865ef03075285388dd790151', 'U', NULL, 5, 'N'),
	(10, 'user	9', '	강감찬	', 'c6096d5ecb4c74da46d23007950d08a9e635f3d3d3b6ef6e41f7e2d14daca39e', 'U', NULL, 6, 'N'),
	(11, 'user	10', '	서희	', 'f20f7b24ed4b57367c7fcb48670c15204c85f9128191b731bff601cac688e1eb', 'U', NULL, 2, 'N'),
	(12, 'user	11', '	정중부	', '04ab5c096c92674d6bc637565ac0de08619971a7e1fe9569712b101778001702', 'U', NULL, 3, 'N'),
	(13, 'user	12', '	최무선	', '89ecf71804430c634f89678cfc037cecf6ff26e892c79a29da97fe2a9847b652', 'U', NULL, 4, 'N'),
	(14, 'user	13', '	임춘	', '3dfea9fe73a1859cb9caa67ee8edc42bfcae2abceb45ae89916a25dc936320b9', 'U', NULL, 5, 'N'),
	(15, 'user	14', '	오세재	', '562b27c014e737c2a7b1eed9fdc42ec4c4ed25341f1a02e1a37f1f2846d83ba9', 'U', NULL, 6, 'N'),
	(16, 'user	15', '	이인로	', 'a8cea188177ff2d101346a1ec3bd39a022f6731ff1d85cd5d286374df87dee04', 'U', NULL, 2, 'N'),
	(17, 'user	16', '	조통	', '42da3539fc3f5dd1dd7f5ca65cf585fa4aa3d6de07c1eae9cdc32271f8d2884a', 'U', NULL, 3, 'N'),
	(18, 'user	17', '	황보항	', '80771a941d2a54994c09d87aad72b2df62733a8b0add07916cec0b3d66c3927f', 'U', NULL, 4, 'N'),
	(19, 'user	18', '	이담지	', '52c5a2bb2b2a4b671bce89a24c476368e623d65ec97efa4ec47ef00b0783a8a0', 'U', NULL, 5, 'N'),
	(20, 'user	19', '	함순	', '37e07bf84ba66f4ecd50c4150fe373fea3669d51c12bb084436a95653e526e1e', 'U', NULL, 6, 'N'),
	(21, 'user	20', '	김부식	', '3af0436299963abe5bac3f2ad5b0a4067034d872fa7def66605f2de34e666840', 'U', NULL, 2, 'N'),
	(22, 'user	21', '	지눌	', 'cc4ca12fbc088c26c8489af37a0a929a910147813e00ef4f6ce9fdb109fbda7d', 'U', NULL, 3, 'N'),
	(23, 'user	22', '	의천	', 'bf7cbfc06ec87f2ff51b79daada557cf156247c6d6b454fbd9e2675b3aba2a7b', 'U', NULL, 4, 'N'),
	(24, 'user	23', '	이종무	', '1fad8692f0504869cd70dfdb5aa892c97750867fb8587bc8a4ca8595e3025337', 'U', NULL, 5, 'N'),
	(25, 'user	24', '	정몽주	', 'df2d01f5f5dbc55b6158797841245e076f7bd17395b2c7c76845a4c528cc3f6d', 'U', NULL, 6, 'N'),
	(26, 'user	25', '	문익점	', '5436a6223e31d96cf1959fb49fd5e85c3442d305c1c083b191e89ee1e915aa4a', 'U', NULL, 2, 'N'),
	(27, 'user	26', '	최충	', '6f62fab18d9f014326db0646c7d0959058ceb7549ebf4e3f0658e7cba593d8c3', 'U', NULL, 3, 'N'),
	(28, 'user	27', '	일연	', 'c8558ba58a3f1118398d76ce67c70785cb4cd91a8351ea8542097550998d5e8e', 'U', NULL, 4, 'N'),
	(29, 'user	28', '	최영	', 'af39cea81eea57c4a6567009c2c2fc2d42a91ed8510562784851170d9ac3a6e7', 'U', NULL, 5, 'N'),
	(30, 'user	29', '	황희	', '3063d0a4e2cad2d2474459deccb2a018cb8c1b44d76c441e287d9e30c5a2bd0d', 'U', NULL, 6, 'N'),
	(31, 'user	30', '	맹사성	', '0c5de59c38329470e6ee56052752b3898498b88b4c45d69e4e8ea29db2c09891', 'U', NULL, 2, 'N'),
	(32, 'user	31', '	장영실	', '0887bc84188be3ce2ca8568b0cd95fb6801a43394ce89c82396cbd7413323b65', 'U', NULL, 3, 'N'),
	(33, 'user	32', '	신숙주	', '4cc82185eb40f7b0e8c29d4f53a629711953723f027b965f9076a06330cea4b5', 'U', NULL, 4, 'N'),
	(34, 'user	33', '	한명회	', '93aed221465ac89ae1c16bbb4a85e50b74d42643436780524a41e75f8c1e5d8a', 'U', NULL, 5, 'N'),
	(35, 'user	34', '	이율곡	', 'db937260ece742fd7de86d50f95842d9a6cea9694b21c347787ceebfff8f9741', 'U', NULL, 6, 'N'),
	(36, 'user	35', '	이퇴계	', '9d210e7720bdb149a9290ac279cce37fddc410aaaf96666f27e1132d47de6ac3', 'U', NULL, 2, 'N'),
	(37, 'user	36', '	신사임당	', '0198c2b3abb62b26c982685fed5c65a1cb6c76c28c8b8ebc59d592214d85bfbc', 'U', NULL, 3, 'N'),
	(38, 'user	37', '	곽재우	', 'b50790fac233ce368270dcc86b71b38d85ee3d1c13f0197e46f51f0f315016dc', 'U', NULL, 4, 'N'),
	(39, 'user	38', '	조헌	', 'a6b19cee1336f97b80d592423dc85b603b42560b4ddee77bc89aefcc0accb1fc', 'U', NULL, 5, 'N'),
	(40, 'user	39', '	김시민	', 'd289b3e4c21c98c6f0f3c2df51bc86a18a88a3b76304cf47c9f7b5e0772a633a', 'U', NULL, 6, 'N'),
	(41, 'user	40', '	이순신	', 'c0d3da689c9c5e6fd3c98c6b9ec460662e121e1c0f438d12806e296006e46f2a', 'U', NULL, 2, 'N'),
	(42, 'user	41', '	성삼문	', 'bfb6b6cac30af9851a13b2ba77128d694f33bd1014b0c3d347d08d4c58af7a77', 'U', NULL, 3, 'N'),
	(43, 'user	42', '	박팽년	', '29c15af791a4efcfe4b9cebef98dae625e8cfa57eb2d026474e0646d2a41d3fe', 'U', NULL, 4, 'N'),
	(44, 'user	43', '	하위지	', '69a603bced49d4ab6796517ced90ef9751c7d80bcbf0de190a6bdc846fb82771', 'U', NULL, 5, 'N'),
	(45, 'user	44', '	이개	', 'd5945adfe3bc7a4c184970b4a7b8153b4f495cdbd8d48937fb90cc76cf652609', 'U', NULL, 6, 'N'),
	(46, 'user	45', '	유응부	', 'b5b5cdb24111a5ae33204d457e46ad3b4f4a240d3c39c866b0a64c1a6e6baf3a', 'U', NULL, 2, 'N'),
	(47, 'user	46', '	유성원	', '0f430298f8ee685a20cc3d9d6fb054b209628fb8509732a18039f84eb5781124', 'U', NULL, 3, 'N'),
	(48, 'user	47', '	김시습	', 'a0957b75b442c19eed544d2c8da8c65ced7a9286de1f080c21a38e33cdb8b27d', 'U', NULL, 4, 'N'),
	(49, 'user	48', '	원호	', '5ebf65bf106be9783b404aa03b7babfe7e844a6636a1bc84eecfc0836eb6430e', 'U', NULL, 5, 'N'),
	(50, 'user	49', '	이맹전	', '18f401aba6a5a3a38841f911a94e41dea1a870d92c50373c812708a6058d6b10', 'U', NULL, 6, 'N'),
	(51, 'user	50', '	조려	', '949a84c4c52c4dc7fe805054289fc94a50deb3f50a064660c39d99f2ee9243de', 'U', NULL, 2, 'N'),
	(52, 'user	51', '	성담수	', 'e56e829dfee5c7f2b271be4af0251c916f566eb00544fce28645e826fc1656be', 'U', NULL, 3, 'N'),
	(53, 'user	52', '	남효온	', 'd15e99d819c071071503a8b6b6aed8bd541cc6a186f0e610bdc6bd3c3a04ae0d', 'U', NULL, 4, 'N'),
	(54, 'user	53', '	논개	', '23a2c16c8e34c422fd013f035b5d9932fef86eeb9190ace6e653c2d52739eef7', 'U', NULL, 5, 'N'),
	(55, 'user	54', '	권율	', 'db7480ff380c7436dfc6bfd081b4ab3249b64abbc98cf6babbb3e3f4fecc4adf', 'U', NULL, 6, 'N'),
	(56, 'user	55', '	홍길동	', 'b86dfab2f817a6a4ccbbb2bb25c72858ada2c4bf3ca875f0db27aac4a5541bb9', 'U', NULL, 2, 'N'),
	(57, 'user	56', '	임꺽정	', '2f066ce08bd3d5520e719c85eb00699f5fd983e7e1ac4a326c88d3452de7bce1', 'U', NULL, 3, 'N'),
	(58, 'user	57', '	홍익한	', '35809ec6f54344c33172a573dcff038beba20946efb618c114ef8cd8c5609d15', 'U', NULL, 4, 'N'),
	(59, 'user	58', '	윤집	', '93aa411763cbd56698a6fde7f52cd46e0008b6d21680d454743b85b2b75a694d', 'U', NULL, 5, 'N'),
	(60, 'user	59', '	오달제	', '094729ce144560bb73f0ac729764ec3f67dab9f66f17715db24b79bf93d07ae1', 'U', NULL, 6, 'N'),
	(61, 'user	60', '	박문수	', '7fd10aabd3a8cdfdc780b29c7e8640f37233622f95ceef02cc0a3e4eaf5f6e2e', 'U', NULL, 2, 'N'),
	(62, 'user	61', '	한석봉	', 'c37b58b9a084dbf8ee0b0b14602198927a0dbb954f162a45ac7da863bb833438', 'U', NULL, 3, 'N'),
	(63, 'user	62', '	김홍도	', 'a244b8e412b3f76e34c98e62b099f5fa6ffdaaafec2a1c8dd39d0df323f4c13b', 'U', NULL, 4, 'N'),
	(64, 'user	63', '	김병연	', 'c3b4f8a616746c35a2994bfc9a38a0bf15ec4ea0756045fb88a0da52a1e07dd4', 'U', NULL, 5, 'N'),
	(65, 'user	64', '	김정호	', 'a5577d5a34ac1a97b7a3cf5ef24ece216a397f6b2bd40e8a544da6320edcc2cd', 'U', NULL, 6, 'N'),
	(66, 'user	65', '	정약용	', 'd66d7a4bba6f9edae950ee6a2addcbc00228f117718962f5c2e9604b6684a783', 'U', NULL, 2, 'N'),
	(67, 'user	66', '	전봉준	', '836c7d5c939de4234b0ec366819ecfef7da4057d650ecf594e8d166de2eccad3', 'U', NULL, 3, 'N'),
	(68, 'user	67', '	김대건	', 'f75a4338860e14c61aa0980829d324dd335bbd946e7b6507ad4b93e4e40d054c', 'U', NULL, 4, 'N'),
	(69, 'user	68', '	황진이	', '2c3f456681ce3fd07a918bd4452e479e064fe45f19072502f9c377b7a49dba09', 'U', NULL, 5, 'N'),
	(70, 'user	69', '	홍경래	', '099802212a1f6436b9269a18d8eea27f93d96d8185fa0f29da4c1c574d5d064b', 'U', NULL, 6, 'N'),
	(71, 'user	70', '	김옥균	', '3c49e2a3e24587c12518079d1b877ad3d1cdc38a0567ad20b08b7f574a654231', 'U', NULL, 2, 'N'),
	(72, 'user	71', '	안중근	', '60fe06d4d0ac5c5bbc90bde418e7fc07b9d83991285794df872e8b804c88afb7', 'U', NULL, 3, 'N'),
	(73, 'user	72', '	윤동주	', '2770248f6617591b9defb68038283d9eb30b8dd78476b201a7657877b6d5c06e', 'U', NULL, 4, 'N'),
	(74, 'user	73', '	지석영	', '245b210c03141fcd87784dc47c8beb3782bf88c67b64946678e02e21f831b210', 'U', NULL, 5, 'N'),
	(75, 'user	74', '	손병희	', '0e33362b31d5d6c8d246b3a111b884598fd4d8e39000d1cfcc11dd162fdea647', 'U', NULL, 6, 'N'),
	(76, 'user	75', '	유관순	', 'be8c2da76502ace19624e015606b6d57ce0ed75da92bcfcf862c24d88a0c91cd', 'U', NULL, 2, 'N'),
	(77, 'user	76', '	안창호	', '441f6bcb5a96ce10b0e340ceafee37bd1d551f86d7dc4731af0934f02a3ec9e7', 'U', NULL, 3, 'N'),
	(78, 'user	77', '	방정환	', '49fc8c172155662955a3d610ee1fa4849f0f4c65a22c7415f72b966cde7389f9', 'U', NULL, 4, 'N'),
	(79, 'user	78', '	김두한	', 'aa97b94b515d506bd01052717c058b4d64365b6cb723c92c4e44c909a9fa0221', 'U', NULL, 5, 'N'),
	(80, 'user	79', '	이상	', '229560e8d10a4f6fd473b616787ccc2674fe08cd48fa9c3bd16619b6cb675f92', 'U', NULL, 6, 'N'),
	(81, 'user	80', '	이중섭	', '83b96fb10bf32e96329c89ebd0038aec5dc2822ffa752e629e11db1ae3b6db57', 'U', NULL, 2, 'N');

INSERT INTO `tbl_boardgroup` (`BGNO`, `BGNAME`, `BGPARENT`, `BGDELETEFLAG`, `BGUSED`, `BGREPLY`, `BGREADONLY`, `BGDATE`) VALUES
	(1, '게시판', NULL, 'N', 'N', 'N', 'N', NOW()),
	(2, '공지사항', 1, 'N', 'Y', 'N', 'Y', NOW()),
	(3, '일반게시판', 1, 'N', 'Y', 'Y', 'N', NOW());


INSERT INTO `tbl_board` (`BGNO`, `BRDNO`, `BRDTITLE`, `USERNO`, `BRDMEMO`, `BRDDATE`, `LASTDATE`, `LASTUSERNO`, `BRDDELETEFLAG`) VALUES
	(3, 2, '	모바일 웹 사이트 제작 및 프로그래밍', 11, '	모바일 웹 사이트 제작 및 프로그래밍', NOW(), NOW(), 11, 'N'),
	(3, 3, '	세상의 속도를 따라잡고 싶다면 DO IT(HTML5 CSS3)', 15, '	세상의 속도를 따라잡고 싶다면 DO IT(HTML5 CSS3)', NOW(), NOW(), 15, 'N'),
	(3, 4, '	마음을 움직이는 콘텐츠디자인', 44, '	마음을 움직이는 콘텐츠디자인', NOW(), NOW(), 44, 'N'),
	(3, 5, '	필요할 때마다 골라쓰는 프레젠테이션 디자인 100', 13, '	필요할 때마다 골라쓰는 프레젠테이션 디자인 100', NOW(), NOW(), 13, 'N'),
	(3, 6, '	안드로이드 앱 개발 완벽 가이드', 15, '	안드로이드 앱 개발 완벽 가이드', NOW(), NOW(), 15, 'N'),
	(3, 7, '	가치관 경영', 36, '	가치관 경영', NOW(), NOW(), 36, 'N'),
	(3, 8, '	Ext JS 웹 애플리케이션 개발', 55, '	Ext JS 웹 애플리케이션 개발', NOW(), NOW(), 55, 'N'),
	(3, 9, '	힐링 코드', 6, '	힐링 코드', NOW(), NOW(), 6, 'N'),
	(3, 10, '	고급 웹 표준 사이트제작을 위한 CSS 마스터 전략', 29, '	고급 웹 표준 사이트제작을 위한 CSS 마스터 전략', NOW(), NOW(), 29, 'N'),
	(3, 11, '	DB나라-나는 DB다', 44, '	DB나라-나는 DB다', NOW(), NOW(), 44, 'N'),
	(3, 12, '	HTML5 Canvas', 53, '	HTML5 Canvas', NOW(), NOW(), 53, 'N'),
	(3, 13, '	Javascript Graphics', 53, '	Javascript Graphics', NOW(), NOW(), 53, 'N'),
	(3, 14, '	루씬 인 액션 - 오픈소스 자바 검색엔진', 24, '	루씬 인 액션 - 오픈소스 자바 검색엔진', NOW(), NOW(), 24, 'N'),
	(3, 15, '	Jquery in action', 44, '	Jquery in action', NOW(), NOW(), 44, 'N'),
	(3, 16, '	Jquery 1.7 작고 강력한 자바스크립트', 66, '	Jquery 1.7 작고 강력한 자바스크립트', NOW(), NOW(), 66, 'N'),
	(3, 17, '	프로 스프링3', 37, '	프로 스프링3', NOW(), NOW(), 37, 'N'),
	(3, 18, '	스트럿츠 2 프로그래밍', 68, '	스트럿츠 2 프로그래밍', NOW(), NOW(), 68, 'N'),
	(3, 19, '	스트럿츠2 실무 프로그래밍', 69, '	스트럿츠2 실무 프로그래밍', NOW(), NOW(), 69, 'N'),
	(3, 20, '	CSS 비밀 매뉴얼(감추고 싶은 나만의 비밀 노트) ', 62, '	CSS 비밀 매뉴얼(감추고 싶은 나만의 비밀 노트) ', NOW(), NOW(), 62, 'N'),
	(3, 21, '	Ext JS 4 First look 한국어판/화려한 웹 애플리케이션을 위한 Ext JS 입문', 20, '	Ext JS 4 First look 한국어판/화려한 웹 애플리케이션을 위한 Ext JS 입문', NOW(), NOW(), 20, 'N'),
	(3, 22, '	SQL 전문가 가이드', 77, '	SQL 전문가 가이드', NOW(), NOW(), 77, 'N'),
	(3, 23, '	성장의 정석 CRS 기업의 지속 성장을 위한 핵심 경영 전략', 3, '	성장의 정석 CRS 기업의 지속 성장을 위한 핵심 경영 전략', NOW(), NOW(), 3, 'N'),
	(3, 24, '	실전 프로젝트 관리를 위한 MS Project 2010 ', 27, '	실전 프로젝트 관리를 위한 MS Project 2010 ', NOW(), NOW(), 27, 'N'),
	(3, 25, '	워드프레스 제대로 파기', 45, '	워드프레스 제대로 파기', NOW(), NOW(), 45, 'N'),
	(3, 26, '	클라우드 컴퓨팅 구현 기술: 구글, 페이스북, 야후, 아마존이 채택한 핵심 기술 파헤치기', 64, '	클라우드 컴퓨팅 구현 기술: 구글, 페이스북, 야후, 아마존이 채택한 핵심 기술 파헤치기', NOW(), NOW(), 64, 'N'),
	(3, 27, '	Real MySQL: 개발자와 DBA를 위한', 25, '	Real MySQL: 개발자와 DBA를 위한', NOW(), NOW(), 25, 'N'),
	(3, 28, '	스프링4 프로그래밍(Getting started with Spring Framework)', 15, '	스프링4 프로그래밍(Getting started with Spring Framework)', NOW(), NOW(), 15, 'N'),
	(3, 29, '	웹 퍼포먼스 모니터링과 디버깅', 80, '	웹 퍼포먼스 모니터링과 디버깅', NOW(), NOW(), 80, 'N'),
	(3, 30, '	아파치 Solr 4 구축과 관리(루씬 검색 플랫폼)', 31, '	아파치 Solr 4 구축과 관리(루씬 검색 플랫폼)', NOW(), NOW(), 31, 'N'),
	(3, 31, '	2015 알기쉬운 정보보안 기사 필기', 78, '	2015 알기쉬운 정보보안 기사 필기', NOW(), NOW(), 78, 'N'),
	(3, 32, '	2016 알기쉬운 정보보안 기사 실기', 54, '	2016 알기쉬운 정보보안 기사 실기', NOW(), NOW(), 54, 'N'),
	(3, 33, '	Apache Jmeter', 37, '	Apache Jmeter', NOW(), NOW(), 37, 'N'),
	(3, 34, '	코드 품질 시각화의 정석', 24, '	코드 품질 시각화의 정석', NOW(), NOW(), 24, 'N'),
	(3, 35, '	RabbitMQ 따라잡기 : AMQP 기반의 오픈소스 메시지 브로커 ', 10, '	RabbitMQ 따라잡기 : AMQP 기반의 오픈소스 메시지 브로커 ', NOW(), NOW(), 10, 'N'),
	(3, 36, '	Hyper-V를 다루는 기술', 59, '	Hyper-V를 다루는 기술', NOW(), NOW(), 59, 'N'),
	(3, 37, '	윈도우 서버 2012 R2', 24, '	윈도우 서버 2012 R2', NOW(), NOW(), 24, 'N'),
	(3, 38, '	거침없이 배우는 Jboss', 24, '	거침없이 배우는 Jboss', NOW(), NOW(), 24, 'N');